<?xml version="1.0" encoding="UTF-8" ?>
<module>
    <name>mkd_product_attachments</name>
    <displayName><![CDATA[MKD - Product Attachments Management for user Groups]]></displayName>
    <version><![CDATA[3.6.5]]></version>
    <description><![CDATA[Attachments will be displayed with the on the Product Page - allows users to get the full information about the product. The module supports admins to upload many types of files and the unlimited number of attachments for each product.]]></description>
    <author><![CDATA[GrupaFaro]]></author>
    <tab><![CDATA[administration]]></tab>
	<confirmUninstall><![CDATA[Are you sure you want to uninstall this module? All data will be deleted.]]></confirmUninstall>
    <is_configurable>1</is_configurable>
    <need_instance>0</need_instance>
</module>