{
    "hooksProductPage": [
        { "value": "displayProductExtraContent",
          "name": {
                "en" : "Product Tab block [Description, Technical data, Attachments]",
                "pl" : "Blok zakładek produktu [Opis, Dane techniczne, Załączniki]"}
        },
        { "value": "displayProductActions",
          "name": {
                "en" : "Button Block [Add to Cart, Buy Now]",
                "pl" : "Blok przycisków [Dodaj do koszyka, Kup teraz]"}
        },
        { "value": "displayAfterProductThumbs",
          "name": {
                "en" : "Block below main product image [Cover, Thumbs]",
                "pl" : "Blok poniżej zdjęcia głównego produktu [Okładka, Thumbs]"}
        },
        { "value": "displayProductAdditionalInfo",
          "name": {
                "en" : "Block of additional product information (and QuickView)",
                "pl" : "Blok dodatkowych informacji o produkcie (oraz QuickView)"}
        },
        { "value": "displayFooterProduct",
          "name": {
                "en" : "Block with information in the footer of the product",
                "pl" : "Blok z informacją w stopce produktu"}
        }
    ],
    "attachmentFormats": [
      { 
          "value": "pdf",
          "name": { 
              "en": "PDF - Document",
              "pl": "PDF - Dokument"
          },
          "allowedExtensions": ["pdf"],
          "maxFileSize": 5242880
      },
      { 
          "value": "doc",
          "name": { 
              "en": "Word - Document",
              "pl": "Word - Dokument"
          },
          "allowedExtensions": ["docx", "doc", "odt"],
          "maxFileSize": 5242880
      },
      { 
          "value": "xls",
          "name": { 
              "en": "Excel - Spreadsheets",
              "pl": "Excel - Arkusz kalkulacyjny"
          },
          "allowedExtensions": ["xlsx", "xls", "ods"],
          "maxFileSize": 10485760
      },
      { 
          "value": "ppt",
          "name": { 
              "en": "PowerPoint - Presentation",
              "pl": "PowerPoint - Prezentacja"
          },
          "allowedExtensions": ["pptx", "ppt", "odp"],
          "maxFileSize": 10485760
      },
      { 
          "value": "zip",
          "name": { 
              "en": "ZIP (archive format)",
              "pl": "ZIP (kompresja plików)"
          },
          "allowedExtensions": ["zip"],
          "maxFileSize": 2097152
      },
      { 
          "value": "rar",
          "name": { 
              "en": "RAR (archive format)",
              "pl": "RAR (kompresja plików)"
          },
          "allowedExtensions": ["rar"],
          "maxFileSize": 2097152
      },
      { 
          "value": "tar",
          "name": { 
              "en": "TAR (archive format)",
              "pl": "TAR (kompresja plików)"
          },
          "allowedExtensions": ["tar"],
          "maxFileSize": 2097152
      },
      { 
          "value": "txt",
          "name": { 
              "en": "Text file (.txt)",
              "pl": "Plik tekstowy (.txt)"
          },
          "allowedExtensions": ["txt"],
          "maxFileSize": 1048576
      },
      { 
          "value": "audio",
          "name": { 
              "en": "Audio Format",
              "pl": "Audio Plik"
          },
          "allowedExtensions": ["mp3", "wav", "ogg"],
          "maxFileSize": 20971520
      },
      { 
          "value": "video",
          "name": { 
              "en": "Video Format",
              "pl": "Wideo Plik"
          },
          "allowedExtensions": ["mp4", "avi", "mkv"],
          "maxFileSize": 104857600
      },
      { 
          "value": "img",
          "name": { 
              "en": "Image File - Image, Diagram",
              "pl": "Plik graficzny - Zdjęcie, Diagram"
          },
          "allowedExtensions": ["jpg", "jpeg", "png", "gif"],
          "maxFileSize": 5242880
      },
      { 
          "value": "xml",
          "name": { 
              "en": "XML File",
              "pl": "XML Plik"
          },
          "allowedExtensions": ["xml"],
          "maxFileSize": 2097152
      },
      { 
          "value": "csv",
          "name": { 
              "en": "CSV File",
              "pl": "CSV Plik"
          },
          "allowedExtensions": ["csv"],
          "maxFileSize": 2097152
      },
      { 
          "value": "file",
          "name": { 
              "en": "Other File",
              "pl": "Inny Plik"
          },
          "allowedExtensions": ["*"],
          "maxFileSize": 5242880
      }
  ]
}